[{
  "_id": {
    "$oid": "6384308f65d2e77974b45b4a"
  },
  "productname": "gaming chair",
  "category": "furniture",
  "details": "gaming chair useful for gamers",
  "brandname": "STUDENT BRAND",
  "status": "Available",
  "location": "NC",
  "price": 123,
  "image": "https://m.media-amazon.com/images/I/61aFbMHVJ1L._AC_SY450_.jpg",
  "posted": {
    "$oid": "637ff509fbeadd51f094190f"
  },
  "createdAt": {
    "$date": {
      "$numberLong": "1669607567579"
    }
  },
  "updatedAt": {
    "$date": {
      "$numberLong": "1671073325551"
    }
  },
  "__v": 0
},{
  "_id": {
    "$oid": "63844120e5a1c03c2827ef9f"
  },
  "productname": "TABLE",
  "category": "furniture",
  "status": "Available",
  "details": "long brown wooden table ",
  "brandname": "STUDENT BRAND",
  "location": "CA",
  "price": 200,
  "image": "https://m.media-amazon.com/images/I/61RDcCBlfBL._AC_SX522_.jpg",
  "posted": {
    "$oid": "637ff509fbeadd51f094190f"
  },
  "createdAt": {
    "$date": {
      "$numberLong": "1669611808837"
    }
  },
  "updatedAt": {
    "$date": {
      "$numberLong": "1669611808837"
    }
  },
  "__v": 0
},{
  "_id": {
    "$oid": "638441a5e5a1c03c2827efa5"
  },
  "productname": "BED FRAME",
  "category": "furniture",
  "details": "NICE BED FRAME",
  "brandname": "STUDENT BRAND",
  "status": "Available",
  "location": "NYC",
  "price": 100,
  "image": "https://m.media-amazon.com/images/I/51puikFmoZL._AC_SX522_.jpg",
  "posted": {
    "$oid": "637ff509fbeadd51f094190f"
  },
  "createdAt": {
    "$date": {
      "$numberLong": "1669611941394"
    }
  },
  "updatedAt": {
    "$date": {
      "$numberLong": "1669611941394"
    }
  },
  "__v": 0
},{
  "_id": {
    "$oid": "6384427de5a1c03c2827efad"
  },
  "productname": "FAN",
  "category": "electronic",
  "details": "FAN WITH HIGH SPEED ROTATION ",
  "brandname": "STUDENT BRAND",
  "status": "Traded",
  "location": "TX",
  "price": 10,
  "image": "https://m.media-amazon.com/images/I/319EVX7vmgL._AC_.jpg",
  "posted": {
    "$oid": "637ff509fbeadd51f094190f"
  },
  "createdAt": {
    "$date": {
      "$numberLong": "1669612157087"
    }
  },
  "updatedAt": {
    "$date": {
      "$numberLong": "1671075106588"
    }
  },
  "__v": 0
},{
  "_id": {
    "$oid": "638442d2e5a1c03c2827efb1"
  },
  "productname": "LAMP",
  "category": "electronic",
  "details": "LIGHT LAMP USEFUL IN DARK ",
  "status": "Available",
  "brandname": "STUDENT BRAND",
  "location": "GA",
  "price": 15,
  "image": "https://m.media-amazon.com/images/I/41+a2FJ8Y0L._AC_.jpg",
  "posted": {
    "$oid": "637ff509fbeadd51f094190f"
  },
  "createdAt": {
    "$date": {
      "$numberLong": "1669612242635"
    }
  },
  "updatedAt": {
    "$date": {
      "$numberLong": "1671074561875"
    }
  },
  "__v": 0
},{
  "_id": {
    "$oid": "63844313e5a1c03c2827efb5"
  },
  "productname": "HEATER",
  "category": "electronic",
  "status": "Available",
  "details": "HEATER TO WARM IN COLDER CLIMATE ",
  "brandname": "STUDENT BRAND",
  "location": "AZ",
  "price": 1110,
  "image": "https://m.media-amazon.com/images/I/41GvhjGpAkL._AC_.jpg",
  "posted": {
    "$oid": "637ff509fbeadd51f094190f"
  },
  "createdAt": {
    "$date": {
      "$numberLong": "1669612307722"
    }
  },
  "updatedAt": {
    "$date": {
      "$numberLong": "1671073241139"
    }
  },
  "__v": 0
},{
  "_id": {
    "$oid": "6384438ee5a1c03c2827efb9"
  },
  "productname": "TOASTER",
  "category": "kitchen",
  "status": "Available",
  "details": "USEFUL TO MAKE BREAD TOAST ",
  "brandname": "STUDENT BRAND",
  "location": "BY",
  "price": 20,
  "image": "https://m.media-amazon.com/images/I/51QggK4FM+L._AC_.jpg",
  "posted": {
    "$oid": "637ff509fbeadd51f094190f"
  },
  "createdAt": {
    "$date": {
      "$numberLong": "1669612430352"
    }
  },
  "updatedAt": {
    "$date": {
      "$numberLong": "1669612430352"
    }
  },
  "__v": 0
},{
  "_id": {
    "$oid": "638443f4e5a1c03c2827efbd"
  },
  "productname": "MIXER",
  "status": "Available",
  "category": "kitchen",
  "details": "USEFUL TO GRIND THINGS ",
  "brandname": "STUDENT BRAND",
  "location": "DC",
  "price": 35,
  "image": "https://m.media-amazon.com/images/I/51bNplYwi1L._AC_SX522_.jpg",
  "posted": {
    "$oid": "637ff509fbeadd51f094190f"
  },
  "createdAt": {
    "$date": {
      "$numberLong": "1669612532585"
    }
  },
  "updatedAt": {
    "$date": {
      "$numberLong": "1669612615502"
    }
  },
  "__v": 0
},{
  "_id": {
    "$oid": "638444c1e5a1c03c2827efd1"
  },
  "productname": "ELECTRIC COOKER",
  "category": "kitchen",
  "details": "USEFUL TO MAKE RICE ",
  "status": "Traded",
  "brandname": "STUDENT BRAND",
  "location": "VA",
  "price": 68,
  "image": "https://m.media-amazon.com/images/I/41yFq7xwK7L._AC_.jpg",
  "posted": {
    "$oid": "637ff509fbeadd51f094190f"
  },
  "createdAt": {
    "$date": {
      "$numberLong": "1669612737718"
    }
  },
  "updatedAt": {
    "$date": {
      "$numberLong": "1671074907747"
    }
  },
  "__v": 0
},{
  "_id": {
    "$oid": "639a89f206658d2e48d19068"
  },
  "status": "Traded",
  "productname": "Mac Book",
  "category": "electronic",
  "details": "macbook for coding",
  "brandname": "STUDENT BRAND",
  "location": "NYC",
  "price": 10,
  "image": "https://m.media-amazon.com/images/I/71jG+e7roXL._AC_SX679_.jpg",
  "posted": {
    "$oid": "63841a93b196b8a390d4d48f"
  },
  "createdAt": {
    "$date": {
      "$numberLong": "1671072242860"
    }
  },
  "updatedAt": {
    "$date": {
      "$numberLong": "1671075106598"
    }
  },
  "__v": 0
}]